Iteracion,Tiempo_ReMatch,Outputs_ReMatch,Tiempo_RePython,Outputs_RePython
1,2.2121849060058594,2733,1.2078487873077393,0
Promedio,2.2121849060058594,-,1.2078487873077393,-
