Iteracion,Tiempo_ReMatch,Outputs_ReMatch,Tiempo_RePython,Outputs_RePython
1,1.212996482849121,1587,5.218249082565308,1569
Promedio,1.212996482849121,-,5.218249082565308,-
